name,fiyat,yorum_count,not
Bayan Kol Saati Hediye Set Ps1097,94.99,,Aynı Gün Teslimat Seçeneği
Papatya Gümüş Bileklik,69.00,,Ücretsiz Kargo
"İsim Yazılı Çakmak, Harfli Tesbih ve Cüzdan",80.00,,Ücretsiz Kargo
Kişiye Özel ve İsme Özel Gümüş İsimli Sürmeli Mavi Ahşap Kutulu Toz Kehribar Tesbih,69.90,,
İsimli Kişiye Özel Papatya Gümüş Kolye,89.90,,Aynı Gün Teslimat Seçeneği
925 Ayar Gümüş İsimli Zincir Bileklik,99.90,,Ücretsiz Kargo
İsimli Cüzdan Kişiye Özel Erkek Cüzdan,54.99,,Ücretsiz Kargo
Harfli Damatlık Kol Düğmesi İstenilen Harfler Yazılır Kişiye Özel Kol Düğmeleri,79.00,,Aynı Gün Teslimat Seçeneği
Üç İsimli Halka Gümüş Kolye,69.90,,Ücretsiz Kargo
Forentina Altın Kap. Kol Saat Bileklik Kombin PS1343,84.49,,Aynı Gün Teslimat Seçeneği
İsimli Tesbih Mat Şeffaf Cam,69.90,,Aynı Gün Teslimat Seçeneği
İsme Özel Saat & Çakmak & Tesbih & Bileklik Erkeğe Babaya Sevgiliye Hediye Seti,99.90,,Ücretsiz Kargo
Kişiye Özel İsimli Cüzdan Tesbih Çakmak Anahtarlık Kalem Ve Kemer Set,59.90,,Aynı Gün Teslimat Seçeneği
Erkek Siyah Kemer Cüzdan Aksesuar Hediye Seti Kişiye Özel Harfli Tesbih Hediyeli,64.90,,Ücretsiz Kargo
Papatya Kolye Bileklik Gümüş Set,89.90,,Ücretsiz Kargo
